Iteration;Best Fitness;Average Fitness;Worst Fitness
1;91136;91136;91136
2;91136;86112;86112
3;91136;82188;82188
4;92757;92757;82188
5;92757;82103;82103
6;98828;98828;82103
7;98828;85146;82103
8;98828;78314;78314
9;98828;76532;76532
10;98828;76051;76051
11;98828;81876;76051
12;98828;82544;76051
13;98828;85482;76051
14;98828;87976;76051
15;98828;88526;76051
16;98828;97259;76051
17;98828;73586;73586
18;98828;91459;73586
19;98828;70889;70889
20;98828;81244;70889
21;98828;79003;70889
22;98828;89798;70889
23;98828;89064;70889
24;98828;97210;70889
25;98828;91838;70889
26;98828;73756;70889
27;98828;96197;70889
28;98828;93632;70889
29;98828;83803;70889
30;98828;74073;70889
31;98828;80897;70889
32;101794;101794;70889
33;105464;105464;70889
34;105464;78486;70889
35;105464;74675;70889
36;105464;85134;70889
37;105464;83115;70889
38;105464;86177;70889
39;105464;71560;70889
40;105464;94208;70889
41;105464;73110;70889
42;105464;84998;70889
43;105464;91341;70889
44;105464;90416;70889
45;105464;78309;70889
46;105464;72934;70889
47;105464;75264;70889
48;105464;73303;70889
49;105464;75063;70889
50;105464;77255;70889
51;105464;86739;70889
52;105464;101546;70889
53;105464;75875;70889
54;105464;83459;70889
55;105464;85463;70889
56;105464;72139;70889
57;105464;78362;70889
58;105464;80623;70889
59;105464;90024;70889
60;105464;93914;70889
61;105464;84045;70889
62;105464;73755;70889
63;105464;68633;68633
64;105464;81526;68633
65;105464;75549;68633
66;105464;83679;68633
67;105464;84460;68633
68;105464;89739;68633
69;105464;71635;68633
70;105464;87629;68633
71;105464;74587;68633
72;105464;89054;68633
73;105464;81396;68633
74;105464;68747;68633
75;105464;91043;68633
76;105464;81562;68633
77;105464;80839;68633
78;105464;88376;68633
79;105464;72520;68633
80;105464;82786;68633
81;105464;83117;68633
82;105464;83602;68633
83;105464;83043;68633
84;105464;84639;68633
85;105464;82548;68633
86;105464;65997;65997
87;105464;76529;65997
88;105464;77225;65997
89;105464;84365;65997
90;105464;73020;65997
91;105464;73613;65997
92;105464;74346;65997
93;105464;82156;65997
94;105464;79435;65997
95;105464;93738;65997
96;105464;81629;65997
97;105464;74847;65997
98;105464;78012;65997
99;105464;90404;65997
100;105464;84230;65997
Iteration;Best Fitness;Average Fitness;Worst Fitness
1;86789;86789;86789
2;89728;89728;86789
3;97920;97920;86789
4;97920;87718;86789
5;97920;82327;82327
6;97920;82883;82327
7;97920;89583;82327
8;97920;81515;81515
9;97920;87098;81515
10;97920;76866;76866
11;97920;71756;71756
12;97920;92676;71756
13;97920;91258;71756
14;97920;71141;71141
15;97920;79797;71141
16;97920;83397;71141
17;97920;86782;71141
18;97920;82867;71141
19;97920;87451;71141
20;97920;79366;71141
21;97920;81833;71141
22;97920;79514;71141
23;97920;94414;71141
24;97920;78661;71141
25;97920;80142;71141
26;97920;87021;71141
27;97920;61382;61382
28;97920;77460;61382
29;97920;96685;61382
30;97920;84939;61382
31;97920;77014;61382
32;97920;81075;61382
33;97920;74787;61382
34;97920;75609;61382
35;97920;79043;61382
36;97920;87557;61382
37;97920;84143;61382
38;97920;75076;61382
39;97920;97534;61382
40;97920;69376;61382
41;97920;86343;61382
42;97920;78023;61382
43;97920;93429;61382
44;97920;77556;61382
45;97920;70974;61382
46;97920;84359;61382
47;97920;78773;61382
48;97920;78078;61382
49;97920;86391;61382
50;97920;76329;61382
51;97920;79654;61382
52;97920;95485;61382
53;97920;80196;61382
54;97920;85022;61382
55;97920;73618;61382
56;97920;81856;61382
57;97920;78951;61382
58;97920;82184;61382
59;97920;78614;61382
60;97920;90990;61382
61;97920;77945;61382
62;97920;90941;61382
63;97920;77440;61382
64;97920;83065;61382
65;97920;82888;61382
66;97920;84894;61382
67;97920;81257;61382
68;97920;85697;61382
69;97920;86979;61382
70;97920;77883;61382
71;97920;87371;61382
72;97920;76108;61382
73;103511;103511;61382
74;103511;91517;61382
75;103511;68773;61382
76;103511;75807;61382
77;103511;74084;61382
78;103511;84352;61382
79;103511;85944;61382
80;103511;84687;61382
81;103511;77338;61382
82;103511;80498;61382
83;103511;83704;61382
84;103511;86642;61382
85;103511;72619;61382
86;103511;81569;61382
87;103511;68651;61382
88;103511;90062;61382
89;103511;62302;61382
90;103511;54476;54476
91;103511;67727;54476
92;103511;85260;54476
93;103511;88369;54476
94;103511;90817;54476
95;103511;72555;54476
96;103511;87308;54476
97;103511;70242;54476
98;103511;90075;54476
99;103511;75200;54476
100;103511;76419;54476
Iteration;Best Fitness;Average Fitness;Worst Fitness
1;90275;90275;90275
2;90275;85361;85361
3;94044;94044;85361
4;94044;69935;69935
5;94044;82865;69935
6;94044;69310;69310
7;94044;71637;69310
8;94044;87902;69310
9;95007;95007;69310
10;95007;85027;69310
11;95007;75493;69310
12;95007;75097;69310
13;95007;78769;69310
14;95007;72120;69310
15;95007;91964;69310
16;95007;87025;69310
17;95007;86831;69310
18;95007;75515;69310
19;95007;78559;69310
20;95007;72263;69310
21;95007;64703;64703
22;95007;82198;64703
23;95007;76045;64703
24;95007;75208;64703
25;95007;76778;64703
26;101745;101745;64703
27;101745;91588;64703
28;101745;81679;64703
29;101745;91165;64703
30;101745;91842;64703
31;101745;76052;64703
32;102749;102749;64703
33;102749;69267;64703
34;102749;97388;64703
35;102749;79372;64703
36;102749;85964;64703
37;102749;90237;64703
38;102749;60329;60329
39;102749;70360;60329
40;102749;102409;60329
41;102749;74171;60329
42;102749;97951;60329
43;102749;82528;60329
44;102749;79756;60329
45;102749;77542;60329
46;102749;82547;60329
47;102749;77333;60329
48;104029;104029;60329
49;104029;83751;60329
50;104029;73631;60329
51;104029;80026;60329
52;104029;68023;60329
53;104029;94013;60329
54;104029;79776;60329
55;104029;69461;60329
56;104029;81912;60329
57;104029;71612;60329
58;104029;80129;60329
59;104029;87136;60329
60;104029;80345;60329
61;104029;79504;60329
62;104029;67078;60329
63;104029;99076;60329
64;104029;64433;60329
65;104029;87281;60329
66;104029;84012;60329
67;104029;80039;60329
68;104029;71111;60329
69;104029;90707;60329
70;104029;86333;60329
71;104029;98995;60329
72;104029;92624;60329
73;104029;90561;60329
74;104029;72556;60329
75;104029;96235;60329
76;104029;93689;60329
77;104029;77044;60329
78;104029;100061;60329
79;104029;83336;60329
80;104029;97294;60329
81;104029;74308;60329
82;104029;79382;60329
83;104029;90814;60329
84;104029;79511;60329
85;104029;89297;60329
86;104029;90612;60329
87;104029;79595;60329
88;104029;86488;60329
89;104029;101161;60329
90;104029;91737;60329
91;104029;83819;60329
92;104029;92454;60329
93;104029;83324;60329
94;104029;64432;60329
95;104029;81946;60329
96;104029;69313;60329
97;104029;84802;60329
98;104029;82196;60329
99;104029;77042;60329
100;104029;62023;60329
Iteration;Best Fitness;Average Fitness;Worst Fitness
1;84472;84472;84472
2;84472;70817;70817
3;84472;79956;70817
4;98428;98428;70817
5;98428;78860;70817
6;98428;76913;70817
7;98428;84145;70817
8;98428;84692;70817
9;98428;89207;70817
10;98428;79191;70817
11;98428;85697;70817
12;98428;82435;70817
13;98428;90526;70817
14;98428;82211;70817
15;98428;83867;70817
16;98428;74128;70817
17;98428;86650;70817
18;98428;79615;70817
19;98428;88904;70817
20;98428;86231;70817
21;98428;81502;70817
22;98428;86599;70817
23;98428;73752;70817
24;98428;78956;70817
25;98428;97168;70817
26;98428;85482;70817
27;98428;84666;70817
28;98428;95517;70817
29;98428;97200;70817
30;98428;77447;70817
31;98428;86647;70817
32;100203;100203;70817
33;100203;96239;70817
34;100203;80908;70817
35;100203;68188;68188
36;100203;88812;68188
37;100203;87684;68188
38;100203;79196;68188
39;100203;96336;68188
40;100203;72108;68188
41;100203;82590;68188
42;100203;98806;68188
43;100203;81010;68188
44;100203;88879;68188
45;100203;99396;68188
46;100203;77078;68188
47;100203;83928;68188
48;100203;76150;68188
49;100203;80972;68188
50;100203;88888;68188
51;100203;81860;68188
52;100203;81501;68188
53;100203;78801;68188
54;100203;99561;68188
55;100203;86646;68188
56;100203;94910;68188
57;100203;88398;68188
58;100203;98597;68188
59;100203;70657;68188
60;100203;84394;68188
61;100203;87255;68188
62;100203;70346;68188
63;100203;90629;68188
64;100203;80877;68188
65;100203;75465;68188
66;100203;71574;68188
67;100203;86437;68188
68;100203;96017;68188
69;100203;93026;68188
70;100203;71814;68188
71;100203;75112;68188
72;100203;76184;68188
73;100203;73581;68188
74;100203;77372;68188
75;100203;82644;68188
76;100203;86590;68188
77;100203;65226;65226
78;100203;79819;65226
79;100203;77055;65226
80;100203;63303;63303
81;100203;81196;63303
82;100203;78979;63303
83;100203;93761;63303
84;100203;81091;63303
85;100203;62324;62324
86;100203;85305;62324
87;100203;84047;62324
88;100203;76102;62324
89;100203;66430;62324
90;100203;85353;62324
91;100203;93673;62324
92;100203;93938;62324
93;100203;81322;62324
94;100203;79020;62324
95;100203;92182;62324
96;100203;80346;62324
97;100203;76259;62324
98;100203;71540;62324
99;100203;97139;62324
100;100203;87225;62324
Iteration;Best Fitness;Average Fitness;Worst Fitness
1;94479;94479;94479
2;94479;94479;94479
3;94479;79195;79195
4;94479;83654;79195
5;94479;81616;79195
6;94479;83410;79195
7;94479;75021;75021
8;94479;79903;75021
9;94479;79605;75021
10;94479;88116;75021
11;94479;90128;75021
12;94479;86490;75021
13;100157;100157;75021
14;100157;92657;75021
15;100157;70351;70351
16;100157;80839;70351
17;100157;82890;70351
18;100157;86286;70351
19;100157;81044;70351
20;100157;90003;70351
21;100157;69229;69229
22;100157;74183;69229
23;100157;96468;69229
24;100157;68475;68475
25;100157;85062;68475
26;100157;72977;68475
27;100157;85704;68475
28;100157;84137;68475
29;100157;75570;68475
30;100157;81180;68475
31;100157;82866;68475
32;100157;76055;68475
33;100157;81869;68475
34;100157;93152;68475
35;100157;89171;68475
36;100157;67179;67179
37;100157;70472;67179
38;100157;77201;67179
39;100157;80532;67179
40;100157;92328;67179
41;100157;84069;67179
42;100157;95256;67179
43;100157;72268;67179
44;100157;78758;67179
45;100157;93970;67179
46;100157;85707;67179
47;100157;72557;67179
48;100157;84391;67179
49;100157;90937;67179
50;100157;81345;67179
51;100157;82781;67179
52;100157;85807;67179
53;100157;86838;67179
54;100157;92417;67179
55;100157;82663;67179
56;100157;78177;67179
57;100157;85762;67179
58;100157;90121;67179
59;100157;71387;67179
60;100157;81262;67179
61;100157;82060;67179
62;100157;83106;67179
63;100157;66281;66281
64;100157;95516;66281
65;100157;91384;66281
66;100157;82756;66281
67;104388;104388;66281
68;104388;88189;66281
69;104388;71300;66281
70;104388;93955;66281
71;104388;74033;66281
72;104388;92732;66281
73;104388;79066;66281
74;104388;81541;66281
75;104388;95421;66281
76;104388;83287;66281
77;104388;82437;66281
78;104388;80349;66281
79;104388;65754;65754
80;104388;90759;65754
81;104388;83940;65754
82;104388;93923;65754
83;104388;80422;65754
84;104388;92587;65754
85;104388;74633;65754
86;104388;91622;65754
87;104388;83654;65754
88;104388;78569;65754
89;104388;89095;65754
90;104388;66588;65754
91;104388;90150;65754
92;104388;73738;65754
93;104388;91971;65754
94;104388;82783;65754
95;104388;90674;65754
96;104388;69179;65754
97;104388;82048;65754
98;104388;78426;65754
99;104388;70979;65754
100;104388;77007;65754
Iteration;Best Fitness;Average Fitness;Worst Fitness
1;93332;93332;93332
2;93332;83187;83187
3;93332;81956;81956
4;93332;75372;75372
5;93332;75328;75328
6;93332;76056;75328
7;94140;94140;75328
8;94140;77692;75328
9;99089;99089;75328
10;99089;85156;75328
11;99089;85324;75328
12;99089;68828;68828
13;99089;71483;68828
14;99089;61855;61855
15;99089;73254;61855
16;99089;92368;61855
17;99089;75813;61855
18;99089;71380;61855
19;99089;92063;61855
20;99089;80529;61855
21;99089;75915;61855
22;99089;72685;61855
23;99089;68713;61855
24;99089;84653;61855
25;99089;83874;61855
26;99089;86732;61855
27;99089;78291;61855
28;99089;73174;61855
29;99089;85232;61855
30;99089;73974;61855
31;99089;79650;61855
32;99089;83009;61855
33;99089;65204;61855
34;99089;88362;61855
35;99089;94130;61855
36;99089;89712;61855
37;99089;83683;61855
38;99089;81749;61855
39;99089;95625;61855
40;99089;80372;61855
41;99089;91867;61855
42;99089;80726;61855
43;99089;88222;61855
44;99089;85546;61855
45;99089;68031;61855
46;99089;83770;61855
47;99089;88667;61855
48;99089;81802;61855
49;99089;79001;61855
50;99089;90521;61855
51;99089;77984;61855
52;99089;93091;61855
53;99089;87587;61855
54;99089;70028;61855
55;99089;86711;61855
56;99089;79628;61855
57;99089;83935;61855
58;99089;73136;61855
59;99089;81359;61855
60;99089;80164;61855
61;100643;100643;61855
62;100643;81253;61855
63;100643;90701;61855
64;100643;84747;61855
65;100643;62486;61855
66;100643;87293;61855
67;100643;86218;61855
68;100643;80128;61855
69;100643;95496;61855
70;100643;84748;61855
71;100643;78450;61855
72;100643;87984;61855
73;100643;87337;61855
74;100643;91035;61855
75;100643;86892;61855
76;106831;106831;61855
77;106831;90984;61855
78;106831;72356;61855
79;106831;93987;61855
80;106831;94586;61855
81;106831;86043;61855
82;106831;79022;61855
83;106831;73826;61855
84;106831;92414;61855
85;106831;90446;61855
86;106831;81758;61855
87;106831;99507;61855
88;106831;79923;61855
89;106831;75450;61855
90;106831;81815;61855
91;106831;89798;61855
92;106831;69590;61855
93;106831;86228;61855
94;106831;88311;61855
95;106831;76304;61855
96;106831;84613;61855
97;106831;90502;61855
98;106831;84855;61855
99;106831;87285;61855
100;106831;98265;61855
Iteration;Best Fitness;Average Fitness;Worst Fitness
1;73577;73577;73577
2;73577;73232;73232
3;73577;69596;69596
4;81097;81097;69596
5;83965;83965;69596
6;83965;80341;69596
7;83965;74159;69596
8;83965;82765;69596
9;91804;91804;69596
10;91804;81849;69596
11;91804;72565;69596
12;91804;86187;69596
13;94323;94323;69596
14;94323;77033;69596
15;94323;83892;69596
16;94323;88271;69596
17;94323;85054;69596
18;94323;86903;69596
19;94323;81667;69596
20;94323;94260;69596
21;94323;93075;69596
22;94323;76531;69596
23;94323;85890;69596
24;94323;69908;69596
25;94323;76233;69596
26;94323;88333;69596
27;94323;77943;69596
28;94323;65392;65392
29;94323;82372;65392
30;94323;92629;65392
31;94323;75042;65392
32;94323;83198;65392
33;94323;70566;65392
34;94323;73649;65392
35;94323;88480;65392
36;94323;80914;65392
37;94323;77408;65392
38;94323;82722;65392
39;94323;92550;65392
40;94323;93524;65392
41;105409;105409;65392
42;105409;81511;65392
43;105409;88265;65392
44;105409;81915;65392
45;105409;70763;65392
46;105409;75378;65392
47;105409;79171;65392
48;105409;83536;65392
49;105409;79496;65392
50;105409;85454;65392
51;105409;73850;65392
52;105409;87393;65392
53;105409;68437;65392
54;105409;81336;65392
55;105409;96784;65392
56;105409;76802;65392
57;105409;81596;65392
58;105409;90959;65392
59;105409;63620;63620
60;105409;79601;63620
61;105409;67971;63620
62;105409;87036;63620
63;105409;88328;63620
64;105409;80249;63620
65;105409;84514;63620
66;105409;98535;63620
67;105409;99293;63620
68;105409;74764;63620
69;105409;70225;63620
70;105409;73618;63620
71;105409;91328;63620
72;105409;88666;63620
73;105409;73424;63620
74;105409;84893;63620
75;105409;93389;63620
76;105409;80601;63620
77;105409;89556;63620
78;105409;83737;63620
79;105409;80575;63620
80;105409;82912;63620
81;105409;76309;63620
82;105409;79825;63620
83;105409;67644;63620
84;105409;81561;63620
85;105409;90433;63620
86;105409;71951;63620
87;105409;68473;63620
88;105409;89252;63620
89;105409;80444;63620
90;105409;83016;63620
91;105409;78155;63620
92;105409;92490;63620
93;105693;105693;63620
94;105693;83499;63620
95;105693;84555;63620
96;105693;74402;63620
97;105693;75312;63620
98;105693;79548;63620
99;105693;83066;63620
100;105693;80001;63620
Iteration;Best Fitness;Average Fitness;Worst Fitness
1;83323;83323;83323
2;86323;86323;83323
3;86323;84957;83323
4;86323;69278;69278
5;86323;79938;69278
6;86323;83516;69278
7;100953;100953;69278
8;100953;78253;69278
9;100953;75660;69278
10;100953;61581;61581
11;100953;92979;61581
12;100953;97602;61581
13;100953;81898;61581
14;100953;80293;61581
15;100953;90152;61581
16;100953;80527;61581
17;100953;81467;61581
18;100953;90851;61581
19;100953;73033;61581
20;100953;85404;61581
21;100953;74983;61581
22;100953;76108;61581
23;100953;89581;61581
24;100953;63994;61581
25;100953;84284;61581
26;100953;82633;61581
27;100953;85313;61581
28;100953;75470;61581
29;100953;78266;61581
30;100953;75191;61581
31;100953;90110;61581
32;100953;81001;61581
33;100953;91847;61581
34;100953;72302;61581
35;100953;99739;61581
36;100953;80896;61581
37;100953;83608;61581
38;100953;72826;61581
39;100953;96568;61581
40;100953;84938;61581
41;100953;78799;61581
42;100953;87309;61581
43;100953;73424;61581
44;100953;78225;61581
45;100953;93374;61581
46;100953;82634;61581
47;100953;77705;61581
48;100953;63111;61581
49;100953;91817;61581
50;100953;76916;61581
51;100953;78298;61581
52;100953;95107;61581
53;100953;82294;61581
54;100953;63841;61581
55;100953;80103;61581
56;100953;98953;61581
57;100953;75185;61581
58;100953;93286;61581
59;100953;83960;61581
60;100953;74098;61581
61;100953;82070;61581
62;100953;79326;61581
63;100953;83065;61581
64;100953;81813;61581
65;100953;97028;61581
66;100953;69978;61581
67;100953;78932;61581
68;100953;82298;61581
69;100953;78142;61581
70;100953;86680;61581
71;100953;93912;61581
72;100953;79961;61581
73;100953;89564;61581
74;100953;88038;61581
75;100953;91647;61581
76;100953;87736;61581
77;100953;86877;61581
78;100953;75833;61581
79;100953;79241;61581
80;100953;87174;61581
81;100953;86906;61581
82;100953;79107;61581
83;100953;73297;61581
84;100953;86220;61581
85;100953;80491;61581
86;100953;86596;61581
87;100953;67897;61581
88;100953;76815;61581
89;100953;75358;61581
90;100953;77204;61581
91;100953;77408;61581
92;100953;77747;61581
93;100953;75214;61581
94;100953;74373;61581
95;100953;87958;61581
96;100953;82221;61581
97;100953;76322;61581
98;100953;57479;57479
99;100953;73425;57479
100;100953;92275;57479
Iteration;Best Fitness;Average Fitness;Worst Fitness
1;80377;80377;80377
2;83796;83796;80377
3;95112;95112;80377
4;95112;77844;77844
5;95112;82358;77844
6;95112;70917;70917
7;95112;73479;70917
8;95112;90056;70917
9;96051;96051;70917
10;96051;76591;70917
11;96051;88838;70917
12;96051;76248;70917
13;96051;71491;70917
14;96051;79265;70917
15;96051;89862;70917
16;96051;73168;70917
17;96051;88640;70917
18;102029;102029;70917
19;102029;93423;70917
20;102029;94504;70917
21;102029;90735;70917
22;102029;92058;70917
23;102029;76625;70917
24;102029;76969;70917
25;102029;63821;63821
26;102029;80790;63821
27;102029;82524;63821
28;102029;88747;63821
29;102029;91220;63821
30;102029;89454;63821
31;102029;83175;63821
32;102029;66450;63821
33;102029;88966;63821
34;102029;84248;63821
35;102029;97817;63821
36;102029;67838;63821
37;102029;74371;63821
38;102029;78282;63821
39;102029;92882;63821
40;102029;76635;63821
41;102029;82957;63821
42;102029;87085;63821
43;102029;82163;63821
44;102029;73356;63821
45;102029;80880;63821
46;102029;66055;63821
47;102029;74416;63821
48;102029;79079;63821
49;102029;96640;63821
50;102029;77938;63821
51;102029;83637;63821
52;102029;91966;63821
53;102029;80803;63821
54;102029;71215;63821
55;102029;88495;63821
56;102029;77819;63821
57;102029;85986;63821
58;102029;86857;63821
59;102029;72705;63821
60;102029;85525;63821
61;102029;92736;63821
62;102029;90579;63821
63;102029;86168;63821
64;102029;77401;63821
65;102029;93057;63821
66;102029;79926;63821
67;102029;96341;63821
68;102029;87168;63821
69;102029;88387;63821
70;102029;85797;63821
71;102029;85768;63821
72;102029;81625;63821
73;102029;97850;63821
74;102029;96479;63821
75;102029;80439;63821
76;102029;93828;63821
77;102029;77032;63821
78;102029;63378;63378
79;102029;80613;63378
80;102029;77944;63378
81;102029;83513;63378
82;102029;92307;63378
83;102029;91770;63378
84;102029;77832;63378
85;102029;71050;63378
86;102029;83760;63378
87;102029;88250;63378
88;102029;86316;63378
89;102029;94134;63378
90;102029;72525;63378
91;102029;87201;63378
92;102029;86581;63378
93;102029;73973;63378
94;102029;90610;63378
95;102029;73842;63378
96;102029;86275;63378
97;102029;69140;63378
98;102029;93402;63378
99;102029;85847;63378
100;102029;77412;63378
Iteration;Best Fitness;Average Fitness;Worst Fitness
1;82437;82437;82437
2;83991;83991;82437
3;83991;77389;77389
4;83991;79212;77389
5;83991;60095;60095
6;83991;81034;60095
7;83991;73707;60095
8;96287;96287;60095
9;96287;75005;60095
10;96287;74630;60095
11;96287;86906;60095
12;96287;85659;60095
13;96287;64755;60095
14;96287;79026;60095
15;96287;77830;60095
16;96287;76396;60095
17;96287;89405;60095
18;96287;76932;60095
19;96287;80303;60095
20;96287;89069;60095
21;96287;76226;60095
22;96287;77352;60095
23;96287;73002;60095
24;96287;90616;60095
25;96287;76649;60095
26;96287;88456;60095
27;96287;77604;60095
28;96287;79512;60095
29;96287;81103;60095
30;96287;90940;60095
31;96287;81111;60095
32;97970;97970;60095
33;97970;95639;60095
34;97970;73331;60095
35;97970;90549;60095
36;97970;75686;60095
37;97970;67193;60095
38;97970;89798;60095
39;97970;86059;60095
40;97970;90818;60095
41;97970;84566;60095
42;98929;98929;60095
43;98929;65399;60095
44;98929;72893;60095
45;98929;74370;60095
46;98929;78755;60095
47;98929;72415;60095
48;98929;93990;60095
49;98929;81114;60095
50;98929;71687;60095
51;98929;78830;60095
52;98929;86626;60095
53;98929;68129;60095
54;98929;94013;60095
55;98929;89921;60095
56;98929;58682;58682
57;98929;85754;58682
58;98929;73266;58682
59;98929;84172;58682
60;98929;89875;58682
61;98929;82982;58682
62;98929;98331;58682
63;98929;88645;58682
64;98929;81974;58682
65;98929;81391;58682
66;98929;74352;58682
67;104554;104554;58682
68;104554;78047;58682
69;104554;88927;58682
70;104554;75065;58682
71;104554;82894;58682
72;104554;83442;58682
73;104554;79510;58682
74;104554;83666;58682
75;104554;83943;58682
76;104554;82702;58682
77;104554;74342;58682
78;104554;79958;58682
79;104554;85732;58682
80;104554;83881;58682
81;104554;76578;58682
82;104554;86834;58682
83;104554;96266;58682
84;104554;70448;58682
85;104554;91286;58682
86;104554;91286;58682
87;104554;82746;58682
88;104554;81950;58682
89;104554;87515;58682
90;104554;82870;58682
91;104554;80708;58682
92;104554;99545;58682
93;104554;94515;58682
94;104554;76877;58682
95;104554;82894;58682
96;104554;76563;58682
97;104554;67102;58682
98;104554;80982;58682
99;104554;78635;58682
100;104554;82177;58682
Iteration;Best Fitness;Average Fitness;Worst Fitness
1;87625;87625;87625
2;87625;82932;82932
3;87625;73980;73980
4;88025;88025;73980
5;88025;86111;73980
6;88025;78535;73980
7;88025;72800;72800
8;95891;95891;72800
9;95891;91494;72800
10;95891;83848;72800
11;95891;68553;68553
12;95891;82664;68553
13;95891;74526;68553
14;97895;97895;68553
15;97895;73613;68553
16;97895;72844;68553
17;97895;82321;68553
18;97895;62057;62057
19;97895;72814;62057
20;97895;78905;62057
21;97895;90297;62057
22;97895;92030;62057
23;97895;78588;62057
24;97895;81202;62057
25;97895;74422;62057
26;97895;85964;62057
27;97895;87195;62057
28;97895;78954;62057
29;97895;71700;62057
30;97895;76493;62057
31;97895;75934;62057
32;97895;64950;62057
33;97895;77146;62057
34;97895;89006;62057
35;97895;82614;62057
36;97895;86907;62057
37;97895;75328;62057
38;97895;93359;62057
39;97895;89830;62057
40;98635;98635;62057
41;98635;82393;62057
42;98635;84827;62057
43;98635;77618;62057
44;98635;87646;62057
45;98635;84561;62057
46;98635;68522;62057
47;98635;82130;62057
48;98635;95451;62057
49;98635;88996;62057
50;98635;66014;62057
51;98635;74309;62057
52;98635;84593;62057
53;98635;79283;62057
54;98635;75985;62057
55;98635;77542;62057
56;98635;87235;62057
57;98635;79972;62057
58;98635;72072;62057
59;98635;87890;62057
60;98635;82080;62057
61;98635;87515;62057
62;98635;92559;62057
63;98635;85727;62057
64;98635;74596;62057
65;98635;91213;62057
66;98635;80096;62057
67;98635;71455;62057
68;98635;88626;62057
69;98635;92600;62057
70;98635;92287;62057
71;98635;73226;62057
72;98635;74260;62057
73;98635;84509;62057
74;98635;83683;62057
75;98635;82319;62057
76;98635;67641;62057
77;98635;86564;62057
78;98635;64707;62057
79;98635;79882;62057
80;98635;65143;62057
81;98635;91220;62057
82;98635;89299;62057
83;98635;86855;62057
84;98635;79573;62057
85;98635;76873;62057
86;98635;89703;62057
87;98635;82255;62057
88;98635;84355;62057
89;98635;74366;62057
90;98635;79616;62057
91;98635;81529;62057
92;98635;78712;62057
93;98635;80055;62057
94;98635;86163;62057
95;98635;69867;62057
96;98635;94831;62057
97;98635;84237;62057
98;98635;91436;62057
99;98635;75781;62057
100;98635;84901;62057
Iteration;Best Fitness;Average Fitness;Worst Fitness
1;67915;67915;67915
2;74497;74497;67915
3;80600;80600;67915
4;96415;96415;67915
5;96415;83413;67915
6;96415;78399;67915
7;96415;77716;67915
8;96415;59592;59592
9;96415;92354;59592
10;96415;78544;59592
11;96415;77723;59592
12;96415;79864;59592
13;96415;88418;59592
14;96415;79246;59592
15;96415;85898;59592
16;96415;69521;59592
17;96415;86232;59592
18;96415;92047;59592
19;96415;68180;59592
20;96415;93282;59592
21;96415;84171;59592
22;96415;78512;59592
23;96415;84564;59592
24;96415;83064;59592
25;96415;84427;59592
26;96415;73841;59592
27;96415;83548;59592
28;96415;74574;59592
29;96415;89312;59592
30;96415;83425;59592
31;96415;75885;59592
32;96415;74586;59592
33;96415;83949;59592
34;96415;84759;59592
35;96415;73871;59592
36;96415;77295;59592
37;96415;85756;59592
38;96415;75181;59592
39;96415;77572;59592
40;96415;78129;59592
41;96415;81725;59592
42;96415;85888;59592
43;96415;80926;59592
44;96415;93149;59592
45;96415;70655;59592
46;96415;75460;59592
47;96415;82187;59592
48;96415;61386;59592
49;96415;90086;59592
50;96415;86364;59592
51;96415;87765;59592
52;96415;68698;59592
53;96415;82889;59592
54;96415;81488;59592
55;96415;75721;59592
56;96415;81181;59592
57;96415;78217;59592
58;96415;81920;59592
59;96415;71127;59592
60;96415;88990;59592
61;96415;80938;59592
62;96920;96920;59592
63;96920;82699;59592
64;96920;74961;59592
65;96920;83716;59592
66;96920;73411;59592
67;96920;83307;59592
68;96920;79663;59592
69;96920;87366;59592
70;96920;74813;59592
71;96920;77324;59592
72;96920;66999;59592
73;96920;73280;59592
74;96920;80524;59592
75;96920;90314;59592
76;96920;70468;59592
77;96920;81241;59592
78;96920;71554;59592
79;96920;86933;59592
80;96920;84990;59592
81;96920;85838;59592
82;96920;81284;59592
83;96920;88892;59592
84;96920;87581;59592
85;96920;82757;59592
86;96920;75848;59592
87;96920;83298;59592
88;96920;85460;59592
89;96920;69666;59592
90;96920;76719;59592
91;96920;83432;59592
92;96920;72795;59592
93;96920;85627;59592
94;96920;87206;59592
95;96920;78857;59592
96;96920;91020;59592
97;96920;67344;59592
98;96920;86925;59592
99;96920;83418;59592
100;96920;76687;59592
Iteration;Best Fitness;Average Fitness;Worst Fitness
1;74562;74562;74562
2;74795;74795;74562
3;74795;70765;70765
4;83184;83184;70765
5;83184;80462;70765
6;87654;87654;70765
7;87654;69244;69244
8;87654;80744;69244
9;101517;101517;69244
10;101517;90176;69244
11;101517;100376;69244
12;101517;90308;69244
13;101517;83793;69244
14;101517;86569;69244
15;101517;97008;69244
16;101517;86768;69244
17;101517;73084;69244
18;101517;93745;69244
19;101517;90726;69244
20;101517;96318;69244
21;101517;94276;69244
22;101517;75143;69244
23;101517;85935;69244
24;101517;86316;69244
25;101517;77546;69244
26;101517;78690;69244
27;101517;90220;69244
28;101517;75581;69244
29;101517;74850;69244
30;101517;78093;69244
31;101517;73169;69244
32;101517;92988;69244
33;101517;75956;69244
34;101517;74372;69244
35;101517;67261;67261
36;101517;82434;67261
37;101517;89047;67261
38;101517;84007;67261
39;101517;69462;67261
40;101517;90244;67261
41;101517;85364;67261
42;101517;66940;66940
43;101517;90943;66940
44;101517;96559;66940
45;101517;69227;66940
46;101517;81086;66940
47;101517;76718;66940
48;101517;97451;66940
49;101517;80885;66940
50;101517;84465;66940
51;101517;76477;66940
52;101517;71774;66940
53;101517;93194;66940
54;101517;73335;66940
55;101517;84457;66940
56;101517;80902;66940
57;101517;83601;66940
58;101517;78477;66940
59;101517;70414;66940
60;101517;90862;66940
61;101517;86392;66940
62;101517;82677;66940
63;101517;71932;66940
64;101517;78620;66940
65;101517;84503;66940
66;101517;83665;66940
67;101517;94096;66940
68;101517;93706;66940
69;101517;77528;66940
70;101517;90125;66940
71;101517;91161;66940
72;101517;77616;66940
73;101517;75793;66940
74;101517;93966;66940
75;101517;80432;66940
76;101517;77326;66940
77;101517;91443;66940
78;101517;79332;66940
79;101517;69606;66940
80;101517;67506;66940
81;101517;81815;66940
82;101517;83140;66940
83;101517;95866;66940
84;101517;86228;66940
85;101517;75353;66940
86;101517;88895;66940
87;101517;90553;66940
88;101517;86007;66940
89;101517;66614;66614
90;101517;79624;66614
91;101517;72883;66614
92;101517;87361;66614
93;101517;67976;66614
94;101517;89187;66614
95;101517;96308;66614
96;101517;86787;66614
97;101517;84386;66614
98;101517;88719;66614
99;101517;86872;66614
100;101517;78198;66614
Iteration;Best Fitness;Average Fitness;Worst Fitness
1;117119;117119;117119
2;117408;117408;117119
3;124422;124422;117119
4;126803;126803;117119
5;135693;135693;117119
6;135693;129387;117119
7;135693;120859;117119
8;135693;128009;117119
9;140373;140373;117119
10;140373;128980;117119
11;140373;127818;117119
12;140373;117457;117119
13;140373;120720;117119
14;140373;116365;116365
15;140373;129776;116365
16;140373;121461;116365
17;140373;127571;116365
18;140373;131482;116365
19;140373;121063;116365
20;140373;120359;116365
21;140373;130749;116365
22;140373;136712;116365
23;140373;122678;116365
24;140373;127607;116365
25;140373;126972;116365
26;140373;121785;116365
27;140373;121123;116365
28;140373;137966;116365
29;140373;129022;116365
30;140373;135374;116365
31;140373;121559;116365
32;140373;117588;116365
33;140373;127098;116365
34;140373;123110;116365
35;140373;126659;116365
36;140373;127881;116365
37;140373;120330;116365
38;140373;139500;116365
39;140373;134148;116365
40;140373;123168;116365
41;140373;121255;116365
42;140373;134261;116365
43;140599;140599;116365
44;140599;131769;116365
45;140599;130143;116365
46;140599;133585;116365
47;140599;125812;116365
48;140599;120437;116365
49;140599;132063;116365
50;140599;123918;116365
51;140599;126829;116365
52;140599;131760;116365
53;140599;118514;116365
54;140599;125318;116365
55;140599;139850;116365
56;140599;116392;116365
57;140599;124595;116365
58;140599;120204;116365
59;140599;131740;116365
60;140599;120544;116365
61;140599;130213;116365
62;140599;126857;116365
63;140599;132389;116365
64;140599;122221;116365
65;140599;135940;116365
66;140599;135771;116365
67;140599;123038;116365
68;140599;125050;116365
69;140599;122606;116365
70;140599;124053;116365
71;140599;132048;116365
72;140599;139571;116365
73;140599;125032;116365
74;140599;126773;116365
75;140599;120556;116365
76;140599;121951;116365
77;140599;131962;116365
78;140599;121077;116365
79;140599;129210;116365
80;140599;137781;116365
81;140599;127418;116365
82;140599;125308;116365
83;140599;128562;116365
84;140599;129296;116365
85;140599;125336;116365
86;140599;117370;116365
87;140599;119355;116365
88;140599;127413;116365
89;140599;119239;116365
90;140599;127908;116365
91;140599;121850;116365
92;140599;124698;116365
93;140599;120668;116365
94;140599;126806;116365
95;140599;126151;116365
96;140599;126975;116365
97;140599;131217;116365
98;140599;129536;116365
99;140599;130641;116365
100;140599;122215;116365
Iteration;Best Fitness;Average Fitness;Worst Fitness
1;123245;123245;123245
2;143649;143649;123245
3;143649;127217;123245
4;143649;124002;123245
5;143649;125441;123245
6;143649;130113;123245
7;143649;133874;123245
8;143649;124094;123245
9;143649;122203;122203
10;143649;125838;122203
11;143649;124633;122203
12;143649;119342;119342
13;143649;131322;119342
14;143649;116482;116482
15;143649;124000;116482
16;143649;120557;116482
17;143649;126129;116482
18;143649;133415;116482
19;143649;128321;116482
20;143649;122429;116482
21;143649;116125;116125
22;143649;132886;116125
23;143649;112259;112259
24;143649;132610;112259
25;143649;129531;112259
26;143649;134036;112259
27;143649;126905;112259
28;143649;121815;112259
29;143649;124749;112259
30;143649;134440;112259
31;143649;126937;112259
32;143649;129507;112259
33;143649;131309;112259
34;143649;115543;112259
35;143649;132132;112259
36;143649;126052;112259
37;143649;128057;112259
38;143649;119120;112259
39;143649;136601;112259
40;143649;123623;112259
41;143649;123388;112259
42;143649;125870;112259
43;143649;109781;109781
44;143649;129523;109781
45;143649;119092;109781
46;143649;138987;109781
47;143649;114130;109781
48;143649;116477;109781
49;143649;115761;109781
50;143649;125322;109781
51;143649;127648;109781
52;143649;126549;109781
53;143649;130800;109781
54;143649;117929;109781
55;143649;126392;109781
56;143649;129640;109781
57;143649;122539;109781
58;143649;133015;109781
59;143649;129872;109781
60;143649;127023;109781
61;143649;119672;109781
62;143649;138152;109781
63;143649;124277;109781
64;143649;125119;109781
65;143649;121544;109781
66;143649;125542;109781
67;143649;128640;109781
68;143649;125389;109781
69;143649;126022;109781
70;143649;122887;109781
71;143649;117584;109781
72;143649;129958;109781
73;143649;119160;109781
74;143649;128089;109781
75;143649;126099;109781
76;143649;129179;109781
77;143649;123777;109781
78;143649;115141;109781
79;143649;112820;109781
80;143649;140351;109781
81;143649;124061;109781
82;143649;117274;109781
83;143649;125296;109781
84;143649;129837;109781
85;143649;110777;109781
86;143649;121974;109781
87;143649;129809;109781
88;143649;114855;109781
89;143649;133566;109781
90;143649;133128;109781
91;143649;117103;109781
92;143649;127422;109781
93;143649;123282;109781
94;143649;124695;109781
95;143649;126784;109781
96;143649;118553;109781
97;143649;129162;109781
98;143649;136054;109781
99;143649;133824;109781
100;143649;119746;109781
Iteration;Best Fitness;Average Fitness;Worst Fitness
1;124171;124171;124171
2;124171;123615;123615
3;135040;135040;123615
4;135040;133778;123615
5;135040;124048;123615
6;135040;129161;123615
7;135040;132621;123615
8;135040;124961;123615
9;135040;125738;123615
10;135040;125593;123615
11;136632;136632;123615
12;136632;123245;123245
13;141999;141999;123245
14;141999;125354;123245
15;141999;121975;121975
16;141999;116069;116069
17;141999;129134;116069
18;141999;116129;116069
19;141999;110189;110189
20;141999;127344;110189
21;141999;119620;110189
22;141999;138873;110189
23;141999;132422;110189
24;141999;134388;110189
25;141999;133323;110189
26;141999;122721;110189
27;141999;130746;110189
28;141999;131157;110189
29;141999;120830;110189
30;141999;117848;110189
31;141999;123586;110189
32;141999;121842;110189
33;141999;132948;110189
34;141999;118417;110189
35;141999;115342;110189
36;141999;122482;110189
37;141999;117500;110189
38;141999;127980;110189
39;141999;130155;110189
40;141999;120953;110189
41;141999;121989;110189
42;141999;125296;110189
43;141999;116811;110189
44;141999;125105;110189
45;141999;124908;110189
46;141999;129001;110189
47;141999;124599;110189
48;141999;117984;110189
49;141999;122645;110189
50;141999;131720;110189
51;141999;128231;110189
52;141999;128049;110189
53;141999;128191;110189
54;141999;114044;110189
55;141999;125314;110189
56;141999;111290;110189
57;141999;132226;110189
58;141999;123457;110189
59;141999;135169;110189
60;141999;120528;110189
61;141999;124824;110189
62;141999;136020;110189
63;141999;118631;110189
64;141999;119026;110189
65;141999;117915;110189
66;141999;134171;110189
67;141999;123158;110189
68;141999;122778;110189
69;141999;119168;110189
70;141999;122908;110189
71;141999;121388;110189
72;141999;120604;110189
73;141999;126603;110189
74;141999;125167;110189
75;141999;124868;110189
76;141999;125084;110189
77;141999;113954;110189
78;141999;136453;110189
79;141999;134405;110189
80;141999;119922;110189
81;141999;122792;110189
82;141999;136257;110189
83;141999;131351;110189
84;141999;128879;110189
85;141999;127846;110189
86;141999;136799;110189
87;141999;124454;110189
88;141999;128112;110189
89;141999;135036;110189
90;141999;129598;110189
91;141999;116807;110189
92;141999;124726;110189
93;141999;122562;110189
94;141999;129145;110189
95;141999;130574;110189
96;141999;120733;110189
97;141999;124496;110189
98;141999;109940;109940
99;141999;121263;109940
100;141999;136477;109940
Iteration;Best Fitness;Average Fitness;Worst Fitness
1;43895;43895;43895
2;50973;50973;43895
3;56045;56045;43895
4;61561;61561;43895
5;61561;59838;43895
6;61561;54116;43895
7;61561;57600;43895
8;61561;54593;43895
9;61561;45083;43895
10;61561;55092;43895
11;61561;46865;43895
12;61561;58086;43895
13;61561;56896;43895
14;61561;55313;43895
15;61561;54749;43895
16;61561;47746;43895
17;61561;39827;39827
18;61561;53126;39827
19;61561;60221;39827
20;61561;57719;39827
21;72871;72871;39827
22;72871;46702;39827
23;72871;62014;39827
24;72871;41425;39827
25;72871;53104;39827
26;72871;50639;39827
27;72871;64438;39827
28;72871;66868;39827
29;72871;63109;39827
30;72871;54764;39827
31;72871;72641;39827
32;72871;54548;39827
33;72871;58555;39827
34;72871;54898;39827
35;72871;54789;39827
36;72871;61005;39827
37;72871;48832;39827
38;72871;50582;39827
39;72871;54494;39827
40;72871;50425;39827
41;72871;59843;39827
42;72871;50319;39827
43;72871;51454;39827
44;72871;56661;39827
45;72871;53226;39827
46;72871;62538;39827
47;72871;63261;39827
48;72871;62749;39827
49;72871;58130;39827
50;72871;49890;39827
51;72871;38182;38182
52;72871;50046;38182
53;72871;56524;38182
54;72871;54244;38182
55;72871;54188;38182
56;72871;56362;38182
57;72871;47119;38182
58;72871;55737;38182
59;72871;56425;38182
60;72871;50146;38182
61;72871;53097;38182
62;72871;46102;38182
63;72871;42444;38182
64;72871;53041;38182
65;72871;51220;38182
66;72871;47456;38182
67;72871;57349;38182
68;72871;51929;38182
69;72871;55169;38182
70;72871;51263;38182
71;72871;50115;38182
72;72871;45512;38182
73;72871;50577;38182
74;72871;59414;38182
75;72871;59636;38182
76;72871;47018;38182
77;72871;46553;38182
78;72871;51776;38182
79;72871;53371;38182
80;72871;52249;38182
81;72871;51173;38182
82;72871;61818;38182
83;72871;44613;38182
84;72871;48835;38182
85;72871;52905;38182
86;72871;63766;38182
87;72871;67790;38182
88;72871;64491;38182
89;72871;63626;38182
90;72871;50638;38182
91;72871;57451;38182
92;72871;58726;38182
93;72871;46686;38182
94;72871;56839;38182
95;76804;76804;38182
96;76804;72878;38182
97;76804;44084;38182
98;76804;57773;38182
99;76804;62720;38182
100;76804;55040;38182
Iteration;Best Fitness;Average Fitness;Worst Fitness
1;59347;59347;59347
2;66797;66797;59347
3;66797;65248;59347
4;66797;61381;59347
5;66797;53981;53981
6;66797;53499;53499
7;66797;48025;48025
8;66797;50625;48025
9;69780;69780;48025
10;69780;43441;43441
11;69780;52176;43441
12;69780;53484;43441
13;69780;69240;43441
14;69780;54868;43441
15;69780;44999;43441
16;69780;55820;43441
17;69780;61470;43441
18;78009;78009;43441
19;78009;56096;43441
20;78009;52182;43441
21;78009;42662;42662
22;78009;66604;42662
23;78009;49700;42662
24;78009;59220;42662
25;78009;55280;42662
26;78009;62454;42662
27;78009;44161;42662
28;78009;54461;42662
29;78009;36188;36188
30;78009;48990;36188
31;78009;62818;36188
32;78009;56300;36188
33;78009;68631;36188
34;78009;53068;36188
35;78009;39408;36188
36;78009;60330;36188
37;78009;45512;36188
38;78009;61026;36188
39;78009;49507;36188
40;78009;66311;36188
41;78009;50447;36188
42;78009;58701;36188
43;78009;52293;36188
44;78009;52852;36188
45;78009;61422;36188
46;78009;54044;36188
47;78009;59119;36188
48;78009;54614;36188
49;78009;57164;36188
50;78009;58123;36188
51;78009;67154;36188
52;78009;49115;36188
53;78009;55630;36188
54;78009;55109;36188
55;78009;65196;36188
56;78009;72138;36188
57;78009;70112;36188
58;78009;56069;36188
59;78009;62243;36188
60;78009;51831;36188
61;78009;58766;36188
62;78009;52067;36188
63;78009;67008;36188
64;78009;59247;36188
65;78009;59442;36188
66;78009;45027;36188
67;78009;69547;36188
68;78009;50782;36188
69;78009;49979;36188
70;78009;50946;36188
71;78009;64691;36188
72;78009;38813;36188
73;78009;52614;36188
74;78009;61970;36188
75;78009;65044;36188
76;78009;60409;36188
77;78009;55330;36188
78;78009;57052;36188
79;78009;42710;36188
80;78009;54643;36188
81;78009;63370;36188
82;78009;62394;36188
83;78009;43858;36188
84;78009;69535;36188
85;78009;61335;36188
86;78009;56497;36188
87;78009;49723;36188
88;78009;64497;36188
89;78009;58983;36188
90;78009;50066;36188
91;78009;51994;36188
92;78009;53215;36188
93;78009;62904;36188
94;78009;55948;36188
95;78009;70105;36188
96;78009;61580;36188
97;78009;56720;36188
98;78009;56123;36188
99;78009;57128;36188
100;78009;43318;36188
Iteration;Best Fitness;Average Fitness;Worst Fitness
1;124305;124305;124305
2;133326;133326;124305
3;133326;118724;118724
4;137313;137313;118724
5;137313;126352;118724
6;137313;125143;118724
7;137313;113682;113682
8;137313;128531;113682
9;137313;131500;113682
10;137313;127854;113682
11;137313;125167;113682
12;137313;123602;113682
13;137313;116218;113682
14;137313;122671;113682
15;137313;134002;113682
16;137313;118938;113682
17;137313;129513;113682
18;137313;132254;113682
19;137313;122086;113682
20;137313;118477;113682
21;137313;131312;113682
22;137313;123325;113682
23;137313;117617;113682
24;137313;117826;113682
25;137313;124966;113682
26;137313;110598;110598
27;137313;125248;110598
28;137313;122846;110598
29;137313;131632;110598
30;137313;129112;110598
31;137313;129651;110598
32;137313;129851;110598
33;137313;121110;110598
34;137313;130832;110598
35;137313;125831;110598
36;137313;120994;110598
37;137313;136504;110598
38;137313;123605;110598
39;137644;137644;110598
40;138398;138398;110598
41;138398;117974;110598
42;138398;124171;110598
43;138398;126398;110598
44;138398;126595;110598
45;138398;119558;110598
46;138398;127067;110598
47;138398;123958;110598
48;138398;125696;110598
49;138398;129536;110598
50;138398;126133;110598
51;138398;123534;110598
52;138398;117078;110598
53;138398;117566;110598
54;138398;120121;110598
55;138398;122577;110598
56;138398;124837;110598
57;138398;130436;110598
58;138398;129528;110598
59;138398;122985;110598
60;138398;130039;110598
61;138398;131722;110598
62;138398;130499;110598
63;138398;131406;110598
64;138398;123590;110598
65;138398;131712;110598
66;138398;124233;110598
67;138398;135239;110598
68;138398;130941;110598
69;138398;126568;110598
70;138398;130487;110598
71;138398;137083;110598
72;138398;128855;110598
73;138398;114925;110598
74;138398;120752;110598
75;138398;123282;110598
76;138398;117442;110598
77;138398;117229;110598
78;138398;123839;110598
79;138398;133023;110598
80;138398;132231;110598
81;138398;126582;110598
82;138398;131199;110598
83;138398;122716;110598
84;138398;128985;110598
85;138398;137199;110598
86;138398;118576;110598
87;138398;116827;110598
88;138398;125298;110598
89;138398;120185;110598
90;138398;133675;110598
91;138398;124972;110598
92;138398;119604;110598
93;138398;130695;110598
94;138398;120853;110598
95;138398;135098;110598
96;138398;131344;110598
97;138398;135492;110598
98;138398;117977;110598
99;138398;126605;110598
100;138398;125940;110598
Iteration;Best Fitness;Average Fitness;Worst Fitness
1;139329;139329;139329
2;139329;130826;130826
3;139329;116647;116647
4;139329;119649;116647
5;139329;110748;110748
6;139329;122200;110748
7;139329;134231;110748
8;139329;129208;110748
9;139329;119815;110748
10;139329;121798;110748
11;139329;120262;110748
12;139329;127401;110748
13;139329;116416;110748
14;139329;116472;110748
15;139329;128432;110748
16;139329;126798;110748
17;139329;128695;110748
18;139329;118661;110748
19;139329;124343;110748
20;139329;124883;110748
21;139329;114896;110748
22;139329;124028;110748
23;139329;127524;110748
24;139329;124880;110748
25;139329;132549;110748
26;139329;125409;110748
27;139329;125635;110748
28;139329;135105;110748
29;139329;128401;110748
30;139329;115660;110748
31;139329;134668;110748
32;139329;127597;110748
33;139329;125568;110748
34;139329;130841;110748
35;139329;133884;110748
36;139329;113601;110748
37;139329;132142;110748
38;139329;119355;110748
39;139329;128876;110748
40;139329;115668;110748
41;139329;132256;110748
42;139329;125844;110748
43;139329;130718;110748
44;139329;131412;110748
45;139329;132653;110748
46;139329;121372;110748
47;139329;106857;106857
48;139329;118589;106857
49;139329;127697;106857
50;139329;120053;106857
51;139329;126086;106857
52;139329;120875;106857
53;139329;129419;106857
54;139329;121595;106857
55;139329;120512;106857
56;139329;121826;106857
57;139329;117070;106857
58;139329;125371;106857
59;139329;128353;106857
60;139329;119394;106857
61;139329;132845;106857
62;139329;131185;106857
63;139329;122579;106857
64;139329;123693;106857
65;139329;121705;106857
66;139329;137357;106857
67;139329;131047;106857
68;139329;129807;106857
69;139329;121789;106857
70;139329;116627;106857
71;139329;130736;106857
72;139329;116902;106857
73;139329;119605;106857
74;139329;129761;106857
75;139329;133218;106857
76;139329;123091;106857
77;139329;107999;106857
78;139329;123647;106857
79;139329;114885;106857
80;139329;130656;106857
81;139329;128970;106857
82;139329;136834;106857
83;139329;121653;106857
84;139329;126357;106857
85;139329;131624;106857
86;139329;129418;106857
87;139329;126776;106857
88;139329;111533;106857
89;139329;116833;106857
90;139329;119558;106857
91;139329;114797;106857
92;139329;124004;106857
93;139329;119382;106857
94;139329;118835;106857
95;139329;133266;106857
96;139329;128020;106857
97;139329;132489;106857
98;139329;126657;106857
99;139329;114484;106857
100;139329;134758;106857
Iteration;Best Fitness;Average Fitness;Worst Fitness
1;69707;69707;69707
2;85591;85591;69707
3;91333;91333;69707
4;91333;89116;69707
5;91333;84321;69707
6;91333;81211;69707
7;92917;92917;69707
8;92917;80364;69707
9;92917;92550;69707
10;92917;87318;69707
11;92917;77250;69707
12;92917;81321;69707
13;93849;93849;69707
14;103140;103140;69707
15;103140;91803;69707
16;103140;97973;69707
17;103140;81218;69707
18;103140;62874;62874
19;103140;82097;62874
20;103140;78208;62874
21;103140;84924;62874
22;103140;72164;62874
23;103140;89268;62874
24;103140;71827;62874
25;103140;69656;62874
26;103140;83696;62874
27;103140;81687;62874
28;103140;75098;62874
29;103140;77288;62874
30;103140;93758;62874
31;103140;82377;62874
32;103140;71101;62874
33;103140;89374;62874
34;103140;93112;62874
35;103140;81260;62874
36;103140;84162;62874
37;103140;86945;62874
38;103140;78319;62874
39;103140;88213;62874
40;103140;74105;62874
41;103140;88875;62874
42;103140;81850;62874
43;103140;73485;62874
44;103140;77691;62874
45;103140;72343;62874
46;103140;85598;62874
47;103140;94572;62874
48;103140;83327;62874
49;103140;71123;62874
50;103140;88975;62874
51;103140;94027;62874
52;103140;80588;62874
53;103140;77348;62874
54;103140;74096;62874
55;103140;83479;62874
56;103140;89830;62874
57;103140;80099;62874
58;103140;80035;62874
59;103140;86510;62874
60;103140;89848;62874
61;103140;83489;62874
62;103140;98540;62874
63;103140;78984;62874
64;103140;99409;62874
65;103140;68533;62874
66;103140;79257;62874
67;103140;86383;62874
68;103140;80915;62874
69;103140;82420;62874
70;103140;78396;62874
71;103140;83073;62874
72;103140;81563;62874
73;103140;92964;62874
74;103140;76210;62874
75;103140;82622;62874
76;103140;98601;62874
77;103140;80703;62874
78;103140;79146;62874
79;103140;83668;62874
80;103140;71529;62874
81;103140;96391;62874
82;103140;86342;62874
83;103140;88063;62874
84;103140;85279;62874
85;103140;87615;62874
86;103140;91466;62874
87;103140;88963;62874
88;103460;103460;62874
89;103460;82562;62874
90;103460;73833;62874
91;103460;78588;62874
92;103460;82112;62874
93;103460;82697;62874
94;103460;83277;62874
95;103460;81278;62874
96;103460;84885;62874
97;103460;80730;62874
98;103460;85830;62874
99;103460;91573;62874
100;103460;85852;62874
Iteration;Best Fitness;Average Fitness;Worst Fitness
1;40875;40875;40875
2;40875;30570;30570
3;40875;32968;30570
4;40875;33755;30570
5;40875;39986;30570
6;40875;35920;30570
7;40875;34951;30570
8;40875;29089;29089
9;40875;39395;29089
10;40875;40372;29089
11;40875;39404;29089
12;40875;33846;29089
13;40875;38081;29089
14;40875;33107;29089
15;40875;32646;29089
16;40875;37063;29089
17;40875;33903;29089
18;40875;37148;29089
19;40875;37647;29089
20;40875;34310;29089
21;40875;35434;29089
22;40875;33797;29089
23;40875;33478;29089
24;40875;34360;29089
25;40875;29320;29089
26;40875;35310;29089
27;40875;28760;28760
28;40875;35926;28760
29;40875;39232;28760
30;40875;39488;28760
31;40875;32911;28760
32;40875;35647;28760
33;40875;35573;28760
34;40875;33151;28760
35;40875;36580;28760
36;40875;34049;28760
37;40875;35169;28760
38;40875;31722;28760
39;40875;29558;28760
40;40875;38747;28760
41;40875;40800;28760
42;40875;35858;28760
43;40875;34450;28760
44;40875;34545;28760
45;40875;29567;28760
46;40875;40093;28760
47;40875;37137;28760
48;40875;35894;28760
49;40875;37721;28760
50;40875;35048;28760
51;40875;35001;28760
52;40875;29441;28760
53;40875;37410;28760
54;40875;39066;28760
55;40875;38101;28760
56;40875;38880;28760
57;41466;41466;28760
58;41466;35775;28760
59;41466;37126;28760
60;41466;31794;28760
61;41466;35203;28760
62;41466;34294;28760
63;41466;30915;28760
64;41466;33856;28760
65;41466;34977;28760
66;41466;35575;28760
67;41466;37658;28760
68;41466;39062;28760
69;41466;34978;28760
70;41466;34539;28760
71;41466;40870;28760
72;41466;36876;28760
73;41466;39909;28760
74;41466;37897;28760
75;41466;37351;28760
76;41466;32306;28760
77;41466;36923;28760
78;41466;36657;28760
79;41466;39582;28760
80;41466;32491;28760
81;41466;35619;28760
82;41466;34241;28760
83;41466;37450;28760
84;41466;33348;28760
85;41466;39849;28760
86;41466;35814;28760
87;41466;32032;28760
88;41466;32684;28760
89;41466;35728;28760
90;41466;35951;28760
91;41466;37715;28760
92;41466;39146;28760
93;41466;33095;28760
94;41466;36469;28760
95;41466;32168;28760
96;41466;33459;28760
97;41466;38270;28760
98;41466;37879;28760
99;41466;36156;28760
100;41466;36094;28760
Iteration;Best Fitness;Average Fitness;Worst Fitness
1;244040;244040;244040
2;244040;227085;227085
3;244040;228612;227085
4;244040;223036;223036
5;244040;212952;212952
6;244040;217634;212952
7;244040;194844;194844
8;244040;209365;194844
9;244040;215073;194844
10;244040;213428;194844
11;244040;207147;194844
12;244040;214572;194844
13;244040;211135;194844
14;244040;216598;194844
15;244040;218837;194844
16;244040;199144;194844
17;244040;205580;194844
18;244040;208912;194844
19;244040;211100;194844
20;244040;221620;194844
21;244040;216753;194844
22;244040;218599;194844
23;244040;193843;193843
24;244040;211807;193843
25;244040;217876;193843
26;244040;213401;193843
27;244040;206945;193843
28;244040;223584;193843
29;244040;209956;193843
30;244040;221022;193843
31;244040;218194;193843
32;244040;211936;193843
33;244040;209598;193843
34;244040;215421;193843
35;244040;219824;193843
36;244040;214762;193843
37;244040;189991;189991
38;244040;220032;189991
39;244040;215787;189991
40;244040;211491;189991
41;244040;215978;189991
42;244040;202545;189991
43;244040;213753;189991
44;244040;208547;189991
45;244040;218570;189991
46;244040;227189;189991
47;244040;204953;189991
48;244040;211218;189991
49;244040;205734;189991
50;244040;204886;189991
51;244040;195123;189991
52;244040;199603;189991
53;244040;234788;189991
54;244040;214517;189991
55;244040;216449;189991
56;244040;195910;189991
57;244040;200123;189991
58;244040;215280;189991
59;244040;215215;189991
60;244040;220126;189991
61;244040;202830;189991
62;244040;234856;189991
63;244040;215303;189991
64;244040;206711;189991
65;244040;227394;189991
66;244040;221233;189991
67;244040;214233;189991
68;244040;218574;189991
69;244040;205024;189991
70;244040;205286;189991
71;244040;225334;189991
72;244040;220639;189991
73;244040;205905;189991
74;244040;216093;189991
75;244040;217126;189991
76;244040;221428;189991
77;244040;208353;189991
78;244040;231771;189991
79;244040;215387;189991
80;244040;215204;189991
81;244040;221623;189991
82;244040;224996;189991
83;244040;201062;189991
84;244040;208602;189991
85;244040;213655;189991
86;244040;212443;189991
87;244040;221174;189991
88;244040;218002;189991
89;244040;206637;189991
90;244040;208433;189991
91;244040;213141;189991
92;244040;240024;189991
93;244040;214965;189991
94;244040;211476;189991
95;244040;222296;189991
96;244040;213219;189991
97;244040;208715;189991
98;244040;218020;189991
99;244040;213989;189991
100;244040;212065;189991
Iteration;Best Fitness;Average Fitness;Worst Fitness
1;1.24515e+06;1.24515e+06;1.24515e+06
2;1.24897e+06;1.24897e+06;1.24515e+06
3;1.29221e+06;1.29221e+06;1.24515e+06
4;1.29221e+06;1.21628e+06;1.21628e+06
5;1.29221e+06;1.20016e+06;1.20016e+06
6;1.29221e+06;1.19154e+06;1.19154e+06
7;1.29221e+06;1.13208e+06;1.13208e+06
8;1.29221e+06;1.28404e+06;1.13208e+06
9;1.29221e+06;1.23891e+06;1.13208e+06
10;1.29221e+06;1.20197e+06;1.13208e+06
11;1.29221e+06;1.19963e+06;1.13208e+06
12;1.29221e+06;1.23864e+06;1.13208e+06
13;1.29221e+06;1.20403e+06;1.13208e+06
14;1.29221e+06;1.17712e+06;1.13208e+06
15;1.29221e+06;1.21038e+06;1.13208e+06
16;1.29221e+06;1.2032e+06;1.13208e+06
17;1.29221e+06;1.18965e+06;1.13208e+06
18;1.29221e+06;1.14235e+06;1.13208e+06
19;1.29221e+06;1.2294e+06;1.13208e+06
20;1.29221e+06;1.20521e+06;1.13208e+06
21;1.29221e+06;1.23456e+06;1.13208e+06
22;1.29221e+06;1.25448e+06;1.13208e+06
23;1.29221e+06;1.22682e+06;1.13208e+06
24;1.29221e+06;1.23862e+06;1.13208e+06
25;1.29221e+06;1.23305e+06;1.13208e+06
26;1.29221e+06;1.2484e+06;1.13208e+06
27;1.29221e+06;1.19727e+06;1.13208e+06
28;1.29221e+06;1.19407e+06;1.13208e+06
29;1.29221e+06;1.22345e+06;1.13208e+06
30;1.29221e+06;1.20156e+06;1.13208e+06
31;1.29221e+06;1.17712e+06;1.13208e+06
32;1.29221e+06;1.2034e+06;1.13208e+06
33;1.29221e+06;1.26481e+06;1.13208e+06
34;1.29221e+06;1.15379e+06;1.13208e+06
35;1.29221e+06;1.22141e+06;1.13208e+06
36;1.29221e+06;1.18583e+06;1.13208e+06
37;1.29221e+06;1.23873e+06;1.13208e+06
38;1.29221e+06;1.21536e+06;1.13208e+06
39;1.29221e+06;1.18883e+06;1.13208e+06
40;1.29221e+06;1.18451e+06;1.13208e+06
41;1.29221e+06;1.20628e+06;1.13208e+06
42;1.29221e+06;1.20923e+06;1.13208e+06
43;1.29221e+06;1.2097e+06;1.13208e+06
44;1.29221e+06;1.19273e+06;1.13208e+06
45;1.29221e+06;1.25517e+06;1.13208e+06
46;1.29221e+06;1.18282e+06;1.13208e+06
47;1.29221e+06;1.21148e+06;1.13208e+06
48;1.29221e+06;1.21788e+06;1.13208e+06
49;1.29221e+06;1.27393e+06;1.13208e+06
50;1.29221e+06;1.14698e+06;1.13208e+06
51;1.29221e+06;1.24148e+06;1.13208e+06
52;1.29221e+06;1.21797e+06;1.13208e+06
53;1.29221e+06;1.21001e+06;1.13208e+06
54;1.29221e+06;1.24904e+06;1.13208e+06
55;1.29221e+06;1.23792e+06;1.13208e+06
56;1.30232e+06;1.30232e+06;1.13208e+06
57;1.30232e+06;1.19816e+06;1.13208e+06
58;1.30232e+06;1.19722e+06;1.13208e+06
59;1.30232e+06;1.26532e+06;1.13208e+06
60;1.30232e+06;1.22796e+06;1.13208e+06
61;1.30232e+06;1.23047e+06;1.13208e+06
62;1.30232e+06;1.19482e+06;1.13208e+06
63;1.30232e+06;1.28475e+06;1.13208e+06
64;1.30232e+06;1.27455e+06;1.13208e+06
65;1.30232e+06;1.24381e+06;1.13208e+06
66;1.30232e+06;1.21089e+06;1.13208e+06
67;1.30232e+06;1.21533e+06;1.13208e+06
68;1.30232e+06;1.20712e+06;1.13208e+06
69;1.30232e+06;1.21496e+06;1.13208e+06
70;1.30232e+06;1.2048e+06;1.13208e+06
71;1.30232e+06;1.20002e+06;1.13208e+06
72;1.30232e+06;1.24412e+06;1.13208e+06
73;1.30232e+06;1.23953e+06;1.13208e+06
74;1.30232e+06;1.24933e+06;1.13208e+06
75;1.30232e+06;1.16761e+06;1.13208e+06
76;1.30232e+06;1.22036e+06;1.13208e+06
77;1.30232e+06;1.27543e+06;1.13208e+06
78;1.30232e+06;1.19922e+06;1.13208e+06
79;1.30232e+06;1.16083e+06;1.13208e+06
80;1.30232e+06;1.25683e+06;1.13208e+06
81;1.30232e+06;1.19888e+06;1.13208e+06
82;1.30232e+06;1.25488e+06;1.13208e+06
83;1.30232e+06;1.25599e+06;1.13208e+06
84;1.30232e+06;1.1673e+06;1.13208e+06
85;1.30232e+06;1.25722e+06;1.13208e+06
86;1.30232e+06;1.23563e+06;1.13208e+06
87;1.30232e+06;1.24349e+06;1.13208e+06
88;1.30232e+06;1.20586e+06;1.13208e+06
89;1.30232e+06;1.23544e+06;1.13208e+06
90;1.30232e+06;1.27406e+06;1.13208e+06
91;1.30232e+06;1.21892e+06;1.13208e+06
92;1.30232e+06;1.25154e+06;1.13208e+06
93;1.30232e+06;1.22103e+06;1.13208e+06
94;1.30232e+06;1.26554e+06;1.13208e+06
95;1.30232e+06;1.18312e+06;1.13208e+06
96;1.30232e+06;1.22368e+06;1.13208e+06
97;1.30232e+06;1.19009e+06;1.13208e+06
98;1.30232e+06;1.21134e+06;1.13208e+06
99;1.30232e+06;1.19431e+06;1.13208e+06
100;1.30232e+06;1.19026e+06;1.13208e+06
Iteration;Best Fitness;Average Fitness;Worst Fitness
1;4.42274e+06;4.42274e+06;4.42274e+06
2;4.47482e+06;4.47482e+06;4.42274e+06
3;4.47482e+06;4.41683e+06;4.41683e+06
4;4.48238e+06;4.48238e+06;4.41683e+06
5;4.48238e+06;4.40348e+06;4.40348e+06
6;4.48238e+06;4.40773e+06;4.40348e+06
7;4.48238e+06;4.40324e+06;4.40324e+06
8;4.49757e+06;4.49757e+06;4.40324e+06
9;4.49757e+06;4.44655e+06;4.40324e+06
10;4.49757e+06;4.41358e+06;4.40324e+06
11;4.49757e+06;4.40233e+06;4.40233e+06
12;4.49757e+06;4.39175e+06;4.39175e+06
13;4.49757e+06;4.48071e+06;4.39175e+06
14;4.49757e+06;4.46989e+06;4.39175e+06
15;4.49757e+06;4.49202e+06;4.39175e+06
16;4.49757e+06;4.44201e+06;4.39175e+06
17;4.49757e+06;4.39568e+06;4.39175e+06
18;4.49757e+06;4.39853e+06;4.39175e+06
19;4.49757e+06;4.48198e+06;4.39175e+06
20;4.49757e+06;4.46364e+06;4.39175e+06
21;4.49757e+06;4.42203e+06;4.39175e+06
22;4.49757e+06;4.44539e+06;4.39175e+06
23;4.49757e+06;4.37123e+06;4.37123e+06
24;4.49757e+06;4.48667e+06;4.37123e+06
25;4.49757e+06;4.49128e+06;4.37123e+06
26;4.49757e+06;4.46525e+06;4.37123e+06
27;4.49757e+06;4.40078e+06;4.37123e+06
28;4.49757e+06;4.42974e+06;4.37123e+06
29;4.49757e+06;4.38745e+06;4.37123e+06
30;4.49757e+06;4.4889e+06;4.37123e+06
31;4.52294e+06;4.52294e+06;4.37123e+06
32;4.52294e+06;4.46817e+06;4.37123e+06
33;4.52294e+06;4.38282e+06;4.37123e+06
34;4.52294e+06;4.40303e+06;4.37123e+06
35;4.52294e+06;4.43778e+06;4.37123e+06
36;4.52294e+06;4.4914e+06;4.37123e+06
37;4.52294e+06;4.48182e+06;4.37123e+06
38;4.52294e+06;4.43288e+06;4.37123e+06
39;4.52294e+06;4.42382e+06;4.37123e+06
40;4.52294e+06;4.40168e+06;4.37123e+06
41;4.52294e+06;4.50805e+06;4.37123e+06
42;4.52294e+06;4.49648e+06;4.37123e+06
43;4.52294e+06;4.43904e+06;4.37123e+06
44;4.52294e+06;4.40966e+06;4.37123e+06
45;4.52294e+06;4.44604e+06;4.37123e+06
46;4.52294e+06;4.46565e+06;4.37123e+06
47;4.52294e+06;4.48354e+06;4.37123e+06
48;4.52294e+06;4.50545e+06;4.37123e+06
49;4.52294e+06;4.39569e+06;4.37123e+06
50;4.52294e+06;4.42312e+06;4.37123e+06
51;4.52294e+06;4.416e+06;4.37123e+06
52;4.52294e+06;4.43965e+06;4.37123e+06
53;4.52294e+06;4.43586e+06;4.37123e+06
54;4.52294e+06;4.46485e+06;4.37123e+06
55;4.52294e+06;4.37996e+06;4.37123e+06
56;4.52294e+06;4.4337e+06;4.37123e+06
57;4.52294e+06;4.46523e+06;4.37123e+06
58;4.52294e+06;4.48506e+06;4.37123e+06
59;4.52294e+06;4.45937e+06;4.37123e+06
60;4.52294e+06;4.41077e+06;4.37123e+06
61;4.52294e+06;4.40667e+06;4.37123e+06
62;4.52294e+06;4.41521e+06;4.37123e+06
63;4.52294e+06;4.49764e+06;4.37123e+06
64;4.52294e+06;4.47646e+06;4.37123e+06
65;4.52294e+06;4.46749e+06;4.37123e+06
66;4.52294e+06;4.38297e+06;4.37123e+06
67;4.52294e+06;4.37583e+06;4.37123e+06
68;4.52294e+06;4.44034e+06;4.37123e+06
69;4.52294e+06;4.49465e+06;4.37123e+06
70;4.52294e+06;4.47649e+06;4.37123e+06
71;4.52294e+06;4.44418e+06;4.37123e+06
72;4.52294e+06;4.45545e+06;4.37123e+06
73;4.52294e+06;4.40779e+06;4.37123e+06
74;4.52294e+06;4.49254e+06;4.37123e+06
75;4.52294e+06;4.45339e+06;4.37123e+06
76;4.52294e+06;4.50125e+06;4.37123e+06
77;4.52294e+06;4.41648e+06;4.37123e+06
78;4.52294e+06;4.44616e+06;4.37123e+06
79;4.52294e+06;4.446e+06;4.37123e+06
80;4.52294e+06;4.47468e+06;4.37123e+06
81;4.52294e+06;4.4861e+06;4.37123e+06
82;4.52294e+06;4.44619e+06;4.37123e+06
83;4.52294e+06;4.39791e+06;4.37123e+06
84;4.52294e+06;4.41639e+06;4.37123e+06
85;4.52294e+06;4.48359e+06;4.37123e+06
86;4.52294e+06;4.48845e+06;4.37123e+06
87;4.52294e+06;4.50533e+06;4.37123e+06
88;4.52294e+06;4.49568e+06;4.37123e+06
89;4.52294e+06;4.41802e+06;4.37123e+06
90;4.52294e+06;4.40677e+06;4.37123e+06
91;4.52294e+06;4.49444e+06;4.37123e+06
92;4.52294e+06;4.4713e+06;4.37123e+06
93;4.52294e+06;4.41272e+06;4.37123e+06
94;4.52294e+06;4.41436e+06;4.37123e+06
95;4.52294e+06;4.37255e+06;4.37123e+06
96;4.52294e+06;4.4331e+06;4.37123e+06
97;4.52294e+06;4.47182e+06;4.37123e+06
98;4.52294e+06;4.49611e+06;4.37123e+06
99;4.52294e+06;4.41985e+06;4.37123e+06
100;4.52294e+06;4.44597e+06;4.37123e+06
Iteration;Best Fitness;Average Fitness;Worst Fitness
1;4.50452e+06;4.50452e+06;4.50452e+06
2;4.50452e+06;4.45645e+06;4.45645e+06
3;4.50452e+06;4.43754e+06;4.43754e+06
4;4.50452e+06;4.45918e+06;4.43754e+06
5;4.50452e+06;4.40211e+06;4.40211e+06
6;4.50452e+06;4.48223e+06;4.40211e+06
7;4.50452e+06;4.48369e+06;4.40211e+06
8;4.50452e+06;4.47357e+06;4.40211e+06
9;4.50452e+06;4.37358e+06;4.37358e+06
10;4.50452e+06;4.41178e+06;4.37358e+06
11;4.50452e+06;4.39339e+06;4.37358e+06
12;4.50452e+06;4.46326e+06;4.37358e+06
13;4.50452e+06;4.48825e+06;4.37358e+06
14;4.50452e+06;4.46553e+06;4.37358e+06
15;4.50452e+06;4.41686e+06;4.37358e+06
16;4.50452e+06;4.41453e+06;4.37358e+06
17;4.50452e+06;4.45032e+06;4.37358e+06
18;4.50452e+06;4.47467e+06;4.37358e+06
19;4.50452e+06;4.48391e+06;4.37358e+06
20;4.50452e+06;4.38417e+06;4.37358e+06
21;4.50452e+06;4.42812e+06;4.37358e+06
22;4.50452e+06;4.41465e+06;4.37358e+06
23;4.50678e+06;4.50678e+06;4.37358e+06
24;4.50678e+06;4.453e+06;4.37358e+06
25;4.50678e+06;4.47787e+06;4.37358e+06
26;4.50678e+06;4.38448e+06;4.37358e+06
27;4.50678e+06;4.4388e+06;4.37358e+06
28;4.50678e+06;4.45953e+06;4.37358e+06
29;4.50678e+06;4.46728e+06;4.37358e+06
30;4.50678e+06;4.4892e+06;4.37358e+06
31;4.50678e+06;4.42422e+06;4.37358e+06
32;4.50678e+06;4.4061e+06;4.37358e+06
33;4.50678e+06;4.39553e+06;4.37358e+06
34;4.50678e+06;4.46108e+06;4.37358e+06
35;4.50678e+06;4.49818e+06;4.37358e+06
36;4.51487e+06;4.51487e+06;4.37358e+06
37;4.51487e+06;4.4396e+06;4.37358e+06
38;4.51487e+06;4.42917e+06;4.37358e+06
39;4.51487e+06;4.49858e+06;4.37358e+06
40;4.51487e+06;4.47798e+06;4.37358e+06
41;4.51487e+06;4.49736e+06;4.37358e+06
42;4.51487e+06;4.4814e+06;4.37358e+06
43;4.51487e+06;4.42755e+06;4.37358e+06
44;4.51487e+06;4.37492e+06;4.37358e+06
45;4.51487e+06;4.46231e+06;4.37358e+06
46;4.51487e+06;4.46203e+06;4.37358e+06
47;4.51487e+06;4.47947e+06;4.37358e+06
48;4.51487e+06;4.3757e+06;4.37358e+06
49;4.51487e+06;4.42667e+06;4.37358e+06
50;4.51487e+06;4.42183e+06;4.37358e+06
51;4.51487e+06;4.48997e+06;4.37358e+06
52;4.51487e+06;4.46892e+06;4.37358e+06
53;4.51487e+06;4.42958e+06;4.37358e+06
54;4.51487e+06;4.41395e+06;4.37358e+06
55;4.51487e+06;4.40368e+06;4.37358e+06
56;4.51487e+06;4.4862e+06;4.37358e+06
57;4.51487e+06;4.47584e+06;4.37358e+06
58;4.51656e+06;4.51656e+06;4.37358e+06
59;4.51656e+06;4.4068e+06;4.37358e+06
60;4.51656e+06;4.44086e+06;4.37358e+06
61;4.51656e+06;4.40097e+06;4.37358e+06
62;4.51656e+06;4.48031e+06;4.37358e+06
63;4.51656e+06;4.44099e+06;4.37358e+06
64;4.51656e+06;4.44991e+06;4.37358e+06
65;4.51656e+06;4.43574e+06;4.37358e+06
66;4.51656e+06;4.39913e+06;4.37358e+06
67;4.51656e+06;4.45924e+06;4.37358e+06
68;4.51656e+06;4.4738e+06;4.37358e+06
69;4.51791e+06;4.51791e+06;4.37358e+06
70;4.51791e+06;4.44365e+06;4.37358e+06
71;4.51791e+06;4.41229e+06;4.37358e+06
72;4.51791e+06;4.41927e+06;4.37358e+06
73;4.51791e+06;4.47846e+06;4.37358e+06
74;4.51791e+06;4.47172e+06;4.37358e+06
75;4.51791e+06;4.40529e+06;4.37358e+06
76;4.51791e+06;4.44084e+06;4.37358e+06
77;4.51791e+06;4.40428e+06;4.37358e+06
78;4.51791e+06;4.40782e+06;4.37358e+06
79;4.51791e+06;4.44976e+06;4.37358e+06
80;4.51791e+06;4.46057e+06;4.37358e+06
81;4.51791e+06;4.39455e+06;4.37358e+06
82;4.51791e+06;4.43637e+06;4.37358e+06
83;4.51791e+06;4.40255e+06;4.37358e+06
84;4.51791e+06;4.48334e+06;4.37358e+06
85;4.51791e+06;4.46802e+06;4.37358e+06
86;4.51791e+06;4.49047e+06;4.37358e+06
87;4.51791e+06;4.40206e+06;4.37358e+06
88;4.51791e+06;4.3677e+06;4.3677e+06
89;4.51791e+06;4.40073e+06;4.3677e+06
90;4.51791e+06;4.47431e+06;4.3677e+06
91;4.51791e+06;4.4892e+06;4.3677e+06
92;4.51791e+06;4.37706e+06;4.3677e+06
93;4.51791e+06;4.43931e+06;4.3677e+06
94;4.51791e+06;4.38806e+06;4.3677e+06
95;4.51791e+06;4.48799e+06;4.3677e+06
96;4.51791e+06;4.46007e+06;4.3677e+06
97;4.51791e+06;4.47478e+06;4.3677e+06
98;4.51791e+06;4.3802e+06;4.3677e+06
99;4.51791e+06;4.45344e+06;4.3677e+06
100;4.51791e+06;4.46314e+06;4.3677e+06
Iteration;Best Fitness;Average Fitness;Worst Fitness
1;12280;12280;12280
2;12504;12504;12280
3;14154;14154;12280
4;14154;8977;8977
5;16110;16110;8977
6;16110;15352;8977
7;16110;14531;8977
8;16110;12377;8977
9;16110;14147;8977
10;16110;13977;8977
11;16110;11676;8977
12;16110;13193;8977
13;16110;12108;8977
14;16110;14314;8977
15;16110;11927;8977
16;16110;14173;8977
17;16110;12157;8977
18;16110;9390;8977
19;16110;12886;8977
20;16110;9368;8977
21;16110;13066;8977
22;16467;16467;8977
23;16467;12621;8977
24;16467;10188;8977
25;16467;12586;8977
26;16467;10490;8977
27;16467;12585;8977
28;16467;15173;8977
29;16467;13444;8977
30;16467;11909;8977
31;16467;13116;8977
32;16467;9669;8977
33;16467;9428;8977
34;16467;15887;8977
35;16467;14405;8977
36;16467;12400;8977
37;16467;11368;8977
38;16467;14265;8977
39;16467;14788;8977
40;16467;12110;8977
41;16467;13925;8977
42;16467;13694;8977
43;16467;9564;8977
44;16467;6518;6518
45;16467;10957;6518
46;16467;9362;6518
47;16467;12243;6518
48;16467;12260;6518
49;16467;12584;6518
50;16467;15430;6518
51;16467;12988;6518
52;16467;10742;6518
53;16467;9199;6518
54;16467;11356;6518
55;16467;14392;6518
56;16467;10124;6518
57;16467;10896;6518
58;16467;12648;6518
59;16467;14735;6518
60;16467;10010;6518
61;16467;9167;6518
62;16467;10220;6518
63;16467;12274;6518
64;16467;13227;6518
65;16467;10092;6518
66;16467;13733;6518
67;16467;12896;6518
68;16467;13917;6518
69;16467;9802;6518
70;16467;11149;6518
71;16467;10001;6518
72;16467;13479;6518
73;16467;13222;6518
74;16781;16781;6518
75;16781;14784;6518
76;16781;10687;6518
77;16781;9663;6518
78;16781;11228;6518
79;16781;13584;6518
80;16781;10688;6518
81;16781;12226;6518
82;16781;16417;6518
83;16781;14701;6518
84;16781;11913;6518
85;16781;13882;6518
86;16781;10928;6518
87;16781;14519;6518
88;16781;11862;6518
89;16781;12739;6518
90;16781;11250;6518
91;16781;13481;6518
92;16781;11188;6518
93;16781;11992;6518
94;16781;12874;6518
95;16781;13311;6518
96;16781;14753;6518
97;16781;15479;6518
98;16781;12258;6518
99;16781;13893;6518
100;16781;14729;6518
